consumer,resource
fish_fry,fish_eggs
Lepomis_gibbosus,fish_eggs
Perca_flavescens,fish_eggs
Coregonus_clupeaformis,fish_eggs
Tropocyclops_prasinus,Leptodora_kindtii
Mesocyclops_edax,Leptodora_kindtii
Tropocyclops_prasinus,copepod_nauplii
Cyclops_vernalis,Leptodora_kindtii
Mesocyclops_edax,copepod_nauplii
Cyclops_vernalis,copepod_nauplii
Micropterus_salmoides,Coregonus_clupeaformis
Micropterus_salmoides,Salvelinus_namaycush
Micropterus_salmoides,Prosopium_cylindraceum
Micropterus_salmoides,Catostomus_commersoni
Epishura_lacustris,copepod_nauplii
Micropterus_dolomieui,Coregonus_clupeaformis
Micropterus_dolomieui,Salvelinus_namaycush
Micropterus_salmoides,Coregonus_artedii
Micropterus_salmoides,Semotilus_corporalis
Micropterus_dolomieui,Prosopium_cylindraceum
Micropterus_salmoides,Ictalurus_nebulosus
Micropterus_dolomieui,Catostomus_commersoni
Tropocyclops_prasinus,Colletheca_mutabilis
Micropterus_salmoides,Micropterus_dolomieui
Tropocyclops_prasinus,Cyclops_vernalis
Mesocyclops_edax,Colletheca_mutabilis
Mesocyclops_edax,Cyclops_vernalis
Tropocyclops_prasinus,Diaptomus_minutus
Tropocyclops_prasinus,Synchaeta_sp.
Micropterus_dolomieui,Coregonus_artedii
Tropocyclops_prasinus,Mesocyclops_edax
Micropterus_salmoides,Perca_flavescens
Mesocyclops_edax,Diaptomus_minutus
Cyclops_vernalis,Colletheca_mutabilis
Mesocyclops_edax,Synchaeta_sp.
Micropterus_dolomieui,Semotilus_corporalis
Salvelinus_namaycush,Coregonus_clupeaformis
Micropterus_dolomieui,Ictalurus_nebulosus
Micropterus_salmoides,Lepomis_gibbosus
Salvelinus_namaycush,Salvelinus_namaycush
Cyclops_vernalis,Cyclops_vernalis
Mesocyclops_edax,Mesocyclops_edax
Tropocyclops_prasinus,Tropocyclops_prasinus
Micropterus_salmoides,Micropterus_salmoides
Micropterus_dolomieui,Micropterus_dolomieui
Salvelinus_namaycush,Prosopium_cylindraceum
Mesocyclops_edax,Tropocyclops_prasinus
Salvelinus_namaycush,Catostomus_commersoni
Micropterus_salmoides,Notemigonus_crysoleucas
Cyclops_vernalis,Diaptomus_minutus
Cyclops_vernalis,Synchaeta_sp.
Cyclops_vernalis,Mesocyclops_edax
Micropterus_dolomieui,Perca_flavescens
Cyclops_vernalis,Tropocyclops_prasinus
fish_fry,Leptodora_kindtii
Tropocyclops_prasinus,Conochiloides_dossuarius
Epishura_lacustris,Colletheca_mutabilis
Micropterus_dolomieui,Lepomis_gibbosus
Micropterus_dolomieui,Micropterus_salmoides
Tropocyclops_prasinus,Bosmina_longirostris
Salvelinus_namaycush,Coregonus_artedii
Mesocyclops_edax,Conochiloides_dossuarius
Salvelinus_namaycush,Semotilus_corporalis
Tropocyclops_prasinus,Polyarthra_euryptera
Salvelinus_namaycush,Ictalurus_nebulosus
Mesocyclops_edax,Bosmina_longirostris
Micropterus_dolomieui,Notemigonus_crysoleucas
Salvelinus_namaycush,Micropterus_dolomieui
Tropocyclops_prasinus,Gastropus_stylifer
Tropocyclops_prasinus,Polyarthra_major
fish_fry,copepod_nauplii
Epishura_lacustris,Synchaeta_sp.
Mesocyclops_edax,Polyarthra_euryptera
Tropocyclops_prasinus,Trichocerca_pusilla
Micropterus_salmoides,Osmerus_mordax
Mesocyclops_edax,Gastropus_stylifer
Mesocyclops_edax,Polyarthra_major
Cyclops_vernalis,Conochiloides_dossuarius
Mesocyclops_edax,Trichocerca_pusilla
Cyclops_vernalis,Bosmina_longirostris
Cyclops_vernalis,Polyarthra_euryptera
Tropocyclops_prasinus,Ascomorpha_ecaudis
Tropocyclops_prasinus,Conochiloides_unicornis
Salvelinus_namaycush,Perca_flavescens
Cyclops_vernalis,Gastropus_stylifer
Cyclops_vernalis,Polyarthra_major
Tropocyclops_prasinus,Trichocerca_cylindrica
Salvelinus_namaycush,Lepomis_gibbosus
Cyclops_vernalis,Trichocerca_pusilla
Mesocyclops_edax,Ascomorpha_ecaudis
Mesocyclops_edax,Conochiloides_unicornis
Salvelinus_namaycush,Micropterus_salmoides
Mesocyclops_edax,Trichocerca_cylindrica
Micropterus_dolomieui,Osmerus_mordax
Salvelinus_namaycush,Notemigonus_crysoleucas
Epishura_lacustris,Conochiloides_dossuarius
Cyclops_vernalis,Ascomorpha_ecaudis
Cyclops_vernalis,Conochiloides_unicornis
Epishura_lacustris,Bosmina_longirostris
Cyclops_vernalis,Trichocerca_cylindrica
Epishura_lacustris,Polyarthra_euryptera
fish_fry,Epishura_lacustris
Epishura_lacustris,Gastropus_stylifer
Epishura_lacustris,Polyarthra_major
Epishura_lacustris,Trichocerca_pusilla
fish_fry,Holopedium_gibberum
Osmerus_mordax,fish_fry
Tropocyclops_prasinus,Kelicottia_longispina
Salvelinus_namaycush,Osmerus_mordax
Epishura_lacustris,Ascomorpha_ecaudis
Epishura_lacustris,Conochiloides_unicornis
fish_fry,Diaphanosoma_birgei
Epishura_lacustris,Trichocerca_cylindrica
fish_fry,Colletheca_mutabilis
Mesocyclops_edax,Kelicottia_longispina
Tropocyclops_prasinus,Keratella_cochlearis
Tropocyclops_prasinus,Keratella_taurocephala
fish_fry,Cyclops_vernalis
Mesocyclops_edax,Keratella_cochlearis
Mesocyclops_edax,Keratella_taurocephala
fish_fry,Diaptomus_minutus
Cyclops_vernalis,Kelicottia_longispina
fish_fry,Synchaeta_sp.
fish_fry,Daphnia_catawba
fish_fry,Daphnia_galeata
fish_fry,Daphnia_longiremis
fish_fry,Mesocyclops_edax
fish_fry,Asplanchna_sp.
Cyclops_vernalis,Keratella_cochlearis
Cyclops_vernalis,Keratella_taurocephala
fish_fry,Tropocyclops_prasinus
Micropterus_salmoides,fish_fry
Lepomis_gibbosus,fish_fry
Perca_flavescens,fish_fry
Epishura_lacustris,Kelicottia_longispina
fish_fry,Conochiloides_dossuarius
fish_fry,Bosmina_longirostris
Lepomis_gibbosus,Leptodora_kindtii
Micropterus_dolomieui,fish_fry
Epishura_lacustris,Keratella_cochlearis
Epishura_lacustris,Keratella_taurocephala
Perca_flavescens,Leptodora_kindtii
fish_fry,Polyarthra_euryptera
Semotilus_corporalis,fish_fry
fish_fry,Gastropus_stylifer
fish_fry,Polyarthra_major
Coregonus_artedii,fish_fry
fish_fry,Trichocerca_pusilla
Lepomis_gibbosus,copepod_nauplii
Perca_flavescens,copepod_nauplii
fish_fry,Ascomorpha_ecaudis
fish_fry,Conochiloides_unicornis
Semotilus_corporalis,Leptodora_kindtii
fish_fry,Trichocerca_cylindrica
Salvelinus_namaycush,fish_fry
Coregonus_clupeaformis,fish_fry
Semotilus_corporalis,copepod_nauplii
Lepomis_gibbosus,Epishura_lacustris
Perca_flavescens,Epishura_lacustris
Lepomis_gibbosus,Holopedium_gibberum
fish_fry,Kelicottia_longispina
Perca_flavescens,Holopedium_gibberum
Lepomis_gibbosus,Diaphanosoma_birgei
Lepomis_gibbosus,Colletheca_mutabilis
fish_fry,Keratella_cochlearis
fish_fry,Keratella_taurocephala
Perca_flavescens,Diaphanosoma_birgei
Perca_flavescens,Colletheca_mutabilis
Semotilus_corporalis,Epishura_lacustris
Lepomis_gibbosus,Cyclops_vernalis
Perca_flavescens,Cyclops_vernalis
Lepomis_gibbosus,Diaptomus_minutus
Lepomis_gibbosus,Synchaeta_sp.
Semotilus_corporalis,Holopedium_gibberum
Perca_flavescens,Diaptomus_minutus
Perca_flavescens,Synchaeta_sp.
Lepomis_gibbosus,Daphnia_catawba
Lepomis_gibbosus,Daphnia_galeata
Lepomis_gibbosus,Daphnia_longiremis
Lepomis_gibbosus,Mesocyclops_edax
Semotilus_corporalis,Diaphanosoma_birgei
Perca_flavescens,Daphnia_catawba
Perca_flavescens,Daphnia_galeata
Perca_flavescens,Daphnia_longiremis
Perca_flavescens,Mesocyclops_edax
Lepomis_gibbosus,Asplanchna_sp.
Lepomis_gibbosus,Tropocyclops_prasinus
Semotilus_corporalis,Colletheca_mutabilis
Perca_flavescens,Asplanchna_sp.
Perca_flavescens,Tropocyclops_prasinus
Semotilus_corporalis,Cyclops_vernalis
Semotilus_corporalis,Diaptomus_minutus
Semotilus_corporalis,Synchaeta_sp.
Semotilus_corporalis,Daphnia_catawba
Semotilus_corporalis,Daphnia_galeata
Semotilus_corporalis,Daphnia_longiremis
Semotilus_corporalis,Mesocyclops_edax
Lepomis_gibbosus,Conochiloides_dossuarius
Lepomis_gibbosus,Bosmina_longirostris
Semotilus_corporalis,Asplanchna_sp.
Perca_flavescens,Conochiloides_dossuarius
Semotilus_corporalis,Tropocyclops_prasinus
Perca_flavescens,Bosmina_longirostris
Lepomis_gibbosus,Polyarthra_euryptera
Lepomis_gibbosus,Gastropus_stylifer
Lepomis_gibbosus,Polyarthra_major
Perca_flavescens,Polyarthra_euryptera
Lepomis_gibbosus,Trichocerca_pusilla
Perca_flavescens,Gastropus_stylifer
Perca_flavescens,Polyarthra_major
Perca_flavescens,Trichocerca_pusilla
Semotilus_corporalis,Conochiloides_dossuarius
Lepomis_gibbosus,Ascomorpha_ecaudis
Lepomis_gibbosus,Conochiloides_unicornis
Semotilus_corporalis,Bosmina_longirostris
Lepomis_gibbosus,Trichocerca_cylindrica
Perca_flavescens,Ascomorpha_ecaudis
Perca_flavescens,Conochiloides_unicornis
Semotilus_corporalis,Polyarthra_euryptera
Perca_flavescens,Trichocerca_cylindrica
Semotilus_corporalis,Gastropus_stylifer
Semotilus_corporalis,Polyarthra_major
Semotilus_corporalis,Trichocerca_pusilla
Semotilus_corporalis,Ascomorpha_ecaudis
Semotilus_corporalis,Conochiloides_unicornis
Semotilus_corporalis,Trichocerca_cylindrica
Lepomis_gibbosus,Kelicottia_longispina
Perca_flavescens,Kelicottia_longispina
Lepomis_gibbosus,Keratella_cochlearis
Lepomis_gibbosus,Keratella_taurocephala
Perca_flavescens,Keratella_cochlearis
Perca_flavescens,Keratella_taurocephala
Semotilus_corporalis,Kelicottia_longispina
Semotilus_corporalis,Keratella_cochlearis
Semotilus_corporalis,Keratella_taurocephala
Asplanchna_sp.,Colletheca_mutabilis
Asplanchna_sp.,Synchaeta_sp.
Leptodora_kindtii,Leptodora_kindtii
Leptodora_kindtii,copepod_nauplii
Asplanchna_sp.,Conochiloides_dossuarius
Asplanchna_sp.,Polyarthra_euryptera
Asplanchna_sp.,Gastropus_stylifer
Asplanchna_sp.,Polyarthra_major
Asplanchna_sp.,Trichocerca_pusilla
Asplanchna_sp.,Ascomorpha_ecaudis
Asplanchna_sp.,Conochiloides_unicornis
Asplanchna_sp.,Trichocerca_cylindrica
Leptodora_kindtii,Holopedium_gibberum
Leptodora_kindtii,Diaphanosoma_birgei
Leptodora_kindtii,Colletheca_mutabilis
Leptodora_kindtii,Cyclops_vernalis
Leptodora_kindtii,Synchaeta_sp.
Asplanchna_sp.,Kelicottia_longispina
Leptodora_kindtii,Daphnia_catawba
Leptodora_kindtii,Daphnia_galeata
Leptodora_kindtii,Daphnia_longiremis
Leptodora_kindtii,Mesocyclops_edax
Leptodora_kindtii,Tropocyclops_prasinus
Asplanchna_sp.,Keratella_cochlearis
Asplanchna_sp.,Keratella_taurocephala
Osmerus_mordax,Leptodora_kindtii
Osmerus_mordax,copepod_nauplii
Leptodora_kindtii,Conochiloides_dossuarius
Leptodora_kindtii,Bosmina_longirostris
Leptodora_kindtii,Polyarthra_euryptera
Leptodora_kindtii,Gastropus_stylifer
Leptodora_kindtii,Polyarthra_major
Leptodora_kindtii,Trichocerca_pusilla
Notemigonus_crysoleucas,Leptodora_kindtii
Leptodora_kindtii,Ascomorpha_ecaudis
Leptodora_kindtii,Conochiloides_unicornis
Notemigonus_crysoleucas,copepod_nauplii
Leptodora_kindtii,Trichocerca_cylindrica
Osmerus_mordax,Epishura_lacustris
Osmerus_mordax,Holopedium_gibberum
Coregonus_artedii,Leptodora_kindtii
Osmerus_mordax,Diaphanosoma_birgei
Osmerus_mordax,Colletheca_mutabilis
Coregonus_artedii,copepod_nauplii
Osmerus_mordax,Cyclops_vernalis
Leptodora_kindtii,Kelicottia_longispina
Notemigonus_crysoleucas,Epishura_lacustris
Osmerus_mordax,Diaptomus_minutus
Osmerus_mordax,Synchaeta_sp.
Osmerus_mordax,Daphnia_catawba
Osmerus_mordax,Daphnia_galeata
Osmerus_mordax,Daphnia_longiremis
Osmerus_mordax,Mesocyclops_edax
Coregonus_clupeaformis,Leptodora_kindtii
Notemigonus_crysoleucas,Holopedium_gibberum
Leptodora_kindtii,Keratella_cochlearis
Leptodora_kindtii,Keratella_taurocephala
Osmerus_mordax,Asplanchna_sp.
Osmerus_mordax,Tropocyclops_prasinus
Notemigonus_crysoleucas,Diaphanosoma_birgei
Notemigonus_crysoleucas,Colletheca_mutabilis
Coregonus_clupeaformis,copepod_nauplii
Notemigonus_crysoleucas,Cyclops_vernalis
Notemigonus_crysoleucas,Diaptomus_minutus
Notemigonus_crysoleucas,Synchaeta_sp.
Osmerus_mordax,Conochiloides_dossuarius
Osmerus_mordax,Bosmina_longirostris
Coregonus_artedii,Epishura_lacustris
Notemigonus_crysoleucas,Daphnia_catawba
Notemigonus_crysoleucas,Daphnia_galeata
Notemigonus_crysoleucas,Daphnia_longiremis
Notemigonus_crysoleucas,Mesocyclops_edax
Osmerus_mordax,Polyarthra_euryptera
Notemigonus_crysoleucas,Asplanchna_sp.
Notemigonus_crysoleucas,Tropocyclops_prasinus
Osmerus_mordax,Gastropus_stylifer
Osmerus_mordax,Polyarthra_major
Coregonus_artedii,Holopedium_gibberum
Osmerus_mordax,Trichocerca_pusilla
Coregonus_artedii,Diaphanosoma_birgei
Coregonus_artedii,Colletheca_mutabilis
Osmerus_mordax,Ascomorpha_ecaudis
Osmerus_mordax,Conochiloides_unicornis
Coregonus_artedii,Cyclops_vernalis
Coregonus_clupeaformis,Epishura_lacustris
Osmerus_mordax,Trichocerca_cylindrica
Notemigonus_crysoleucas,Conochiloides_dossuarius
Notemigonus_crysoleucas,Bosmina_longirostris
Coregonus_artedii,Diaptomus_minutus
Coregonus_artedii,Synchaeta_sp.
Notemigonus_crysoleucas,Polyarthra_euryptera
Coregonus_clupeaformis,Holopedium_gibberum
Coregonus_artedii,Daphnia_catawba
Coregonus_artedii,Daphnia_galeata
Coregonus_artedii,Daphnia_longiremis
Coregonus_artedii,Mesocyclops_edax
Notemigonus_crysoleucas,Gastropus_stylifer
Notemigonus_crysoleucas,Polyarthra_major
Notemigonus_crysoleucas,Trichocerca_pusilla
Coregonus_artedii,Asplanchna_sp.
Coregonus_artedii,Tropocyclops_prasinus
Coregonus_clupeaformis,Diaphanosoma_birgei
Coregonus_clupeaformis,Colletheca_mutabilis
Coregonus_clupeaformis,Cyclops_vernalis
Notemigonus_crysoleucas,Ascomorpha_ecaudis
Notemigonus_crysoleucas,Conochiloides_unicornis
Notemigonus_crysoleucas,Trichocerca_cylindrica
Coregonus_clupeaformis,Diaptomus_minutus
Coregonus_clupeaformis,Synchaeta_sp.
Coregonus_artedii,Conochiloides_dossuarius
Coregonus_clupeaformis,Daphnia_catawba
Coregonus_clupeaformis,Daphnia_galeata
Coregonus_clupeaformis,Daphnia_longiremis
Coregonus_clupeaformis,Mesocyclops_edax
Osmerus_mordax,Kelicottia_longispina
Coregonus_artedii,Bosmina_longirostris
Coregonus_clupeaformis,Asplanchna_sp.
Coregonus_clupeaformis,Tropocyclops_prasinus
Coregonus_artedii,Polyarthra_euryptera
Coregonus_artedii,Gastropus_stylifer
Coregonus_artedii,Polyarthra_major
Osmerus_mordax,Keratella_cochlearis
Osmerus_mordax,Keratella_taurocephala
Coregonus_artedii,Trichocerca_pusilla
Coregonus_artedii,Ascomorpha_ecaudis
Coregonus_artedii,Conochiloides_unicornis
Coregonus_clupeaformis,Conochiloides_dossuarius
Coregonus_clupeaformis,Bosmina_longirostris
Coregonus_artedii,Trichocerca_cylindrica
Notemigonus_crysoleucas,Kelicottia_longispina
Coregonus_clupeaformis,Polyarthra_euryptera
Coregonus_clupeaformis,Gastropus_stylifer
Coregonus_clupeaformis,Polyarthra_major
Coregonus_clupeaformis,Trichocerca_pusilla
Notemigonus_crysoleucas,Keratella_cochlearis
Notemigonus_crysoleucas,Keratella_taurocephala
Coregonus_clupeaformis,Ascomorpha_ecaudis
Coregonus_clupeaformis,Conochiloides_unicornis
Coregonus_clupeaformis,Trichocerca_cylindrica
Coregonus_artedii,Kelicottia_longispina
Coregonus_artedii,Keratella_cochlearis
Coregonus_artedii,Keratella_taurocephala
Coregonus_clupeaformis,Kelicottia_longispina
Coregonus_clupeaformis,Keratella_cochlearis
Coregonus_clupeaformis,Keratella_taurocephala
